[{
        "author": "Smoyzi",
        "name": "Smooyth",
        "keyWords": "Smooyth, Smoyzi, Theme, Thème, Dofus, darkStone",
        "version": "1.1.1",
        "dofusVersion": "2.57",
        "description": "Smooyth Theme, Theme by @Smoyzi (Twitter)",
        "url": "https://github.com/smoyz/themes/raw/master/dofus-th/Smooyth/Smooyth.zip",
        "previewUrl": "https://github.com/smoyz/themes/raw/master/dofus-th/Smooyth/Smooyth.jpg",
        "creationDate": "14/08/2020",
        "modificationDate": "25/09/2020"
    },
    {
        "author": "Smoyzi",
        "name": "Smooyth - Beta Version",
        "keyWords": "Smooyth, Smoyzi, Theme, Thème, Dofus, darkStone, beta",
        "version": "1.1.0",
        "dofusVersion": "2.56",
        "description": "Version Beta du Smooyth Theme",
        "url": "https://github.com/Smoyz/themes/raw/master/dofus-th/Smooyth/beta/SmooythBeta.zip",
        "previewUrl": "https://github.com/Smoyz/themes/raw/master/dofus-th/Smooyth/beta/SmooythBeta.jpg",
        "creationDate": "19/08/2020",
        "modificationDate": "20/08/2020"
    }
]
